,regio,count_2014,count_2015,uitgaven_ov,aantal_verdachten,toename_bevolking
0,Aa en Hunze,25280.0,25223.0,220000.0,120.0,-0.002254746835443038
1,Aalburg,12884.0,12980.0,109000.0,140.0,0.007451102142191866
2,Aalsmeer,30918.0,31188.0,554000.0,200.0,0.008732777023093344
3,Aalten,26958.5,26908.0,253000.0,100.0,-0.0018732496244227238
4,Achtkarspelen,27999.5,27995.0,375000.0,160.0,-0.000160717155663494
5,Alblasserdam,19823.0,19900.0,235000.0,100.0,0.003884376734096756
6,Albrandswaard,25108.5,25066.5,308000.0,240.0,-0.0016727403070673278
7,Alkmaar,95057.0,107360.5,4294000.0,890.0,0.12943286659583197
8,Almelo,72375.0,72358.0,731000.0,730.0,-0.00023488773747841105
9,Almere,196472.5,197538.5,9387000.0,2620.0,0.005425695708050745
10,Alphen aan den Rijn,107090.5,107678.0,3479000.0,640.0,0.005486014165588918
11,Alphen-Chaam,9735.0,9838.5,198000.0,30.0,0.010631741140215716
12,Ameland,3584.0,3600.5,21000.0,10.0,0.004603794642857143
13,Amersfoort,151689.0,153041.5,3596000.0,1470.0,0.008916269472407359
14,Amstelveen,86088.5,87882.0,2283000.0,520.0,0.020833212333819268
15,Amsterdam,816344.5,827688.0,86896000.0,9740.0,0.013895481625710714
16,Apeldoorn,157822.0,158562.0,5007000.0,1510.0,0.004688826652811395
17,Appingedam,12037.5,12006.0,140000.0,110.0,-0.002616822429906542
18,Arnhem,151558.0,153055.5,3532000.0,2110.0,0.009880705736417741
19,Assen,67177.5,67113.0,1184000.0,640.0,-0.0009601429049905102
20,Asten,16499.5,16569.5,711000.0,80.0,0.004242552804630443
21,Baarle-Nassau,6605.5,6605.0,260000.0,30.0,-7.569449701006736e-05
22,Baarn,24360.0,24463.5,368000.0,190.0,0.004248768472906404
23,Barendrecht,47449.0,47691.0,975000.0,400.0,0.005100212860123501
24,Barneveld,54427.5,55072.0,208000.0,360.0,0.011841440448302789
25,Bedum,10467.5,10437.0,116000.0,50.0,-0.0029137807499402912
26,Beemster,8906.5,8930.5,263000.0,40.0,0.0026946612024925615
27,Beesel,13564.0,13449.5,190000.0,120.0,-0.008441462695370097
28,Bellingwedde,9037.0,9062.5,139000.0,60.0,0.0028217328759544097
29,Bergeijk,18232.5,18231.0,339000.0,100.0,-8.227067050596462e-05
30,Bergen op Zoom,66369.5,66278.5,2696000.0,640.0,-0.001371111730538877
31,Berkelland,44515.0,44400.5,134000.0,270.0,-0.002572166685386948
32,Bernheze,29709.5,29804.5,594000.0,150.0,0.0031976303875864624
33,Best,28677.0,28856.5,1200000.0,140.0,0.006259371621857237
34,Beuningen,25285.0,25285.5,365000.0,140.0,1.9774569903104608e-05
35,Beverwijk,40137.5,40250.0,1145000.0,260.0,0.002802865151043289
36,het Bildt,10609.0,10558.5,169000.0,70.0,-0.00476010934112546
37,De Bilt,42102.5,42272.0,578000.0,260.0,0.004025889198978683
38,Binnenmaas,28683.0,28713.5,539000.0,160.0,0.0010633476275145556
39,Bladel,19851.5,19917.5,463000.0,110.0,0.003324685792005642
40,Blaricum,9203.0,9467.0,337000.0,40.0,0.02868629794632185
41,Bloemendaal,22157.5,22276.0,462000.0,80.0,0.005348076272142615
42,Bodegraven-Reeuwijk,33059.0,33329.5,417000.0,190.0,0.008182340663661938
43,Boekel,10104.0,10186.5,45000.0,60.0,0.008165083135391923
44,Ten Boer,7465.5,7402.0,20000.0,30.0,-0.008505793315919899
45,Borger-Odoorn,25564.5,25436.5,289000.0,130.0,-0.005006943222046197
46,Borne,21938.0,22167.5,303000.0,100.0,0.010461300027349804
47,Borsele,22573.5,22590.0,291000.0,140.0,0.0007309455777792544
48,Boxmeer,28244.5,28403.5,1339000.0,160.0,0.005629414576289189
49,Boxtel,30328.5,30371.5,406000.0,280.0,0.0014178083320968726
50,Brielle,16389.5,16553.5,450000.0,170.0,0.010006406540773055
51,Bronckhorst,36829.0,36618.0,71000.0,140.0,-0.005729180808601917
52,Brummen,21080.0,20960.5,317000.0,140.0,-0.005668880455407969
53,Brunssum,28807.0,28552.0,776000.0,290.0,-0.008852015135210192
54,Bunnik,14644.0,14717.5,154000.0,60.0,0.005019120458891013
55,Bunschoten,20569.5,20735.0,362000.0,120.0,0.00804589319137558
56,Buren,26068.0,26159.5,1943000.0,150.0,0.003510050636796072
57,Bussum,32750.5,32983.5,329000.0,280.0,0.007114395200073282
58,Capelle aan den IJssel,66328.0,66482.0,3649000.0,940.0,0.002321794717163189
59,Castricum,34324.5,34482.5,634000.0,140.0,0.004603126046992673
60,Coevorden,35652.0,35458.0,302000.0,210.0,-0.0054414899584876025
61,Cranendonck,20443.0,20601.0,706000.0,110.0,0.007728806926576334
62,Cromstrijen,12761.0,12769.5,251000.0,70.0,0.0006660919990596348
63,Cuijk,24716.0,24628.5,1866000.0,190.0,-0.003540216863570157
64,Culemborg,27575.0,27602.0,825000.0,230.0,0.0009791477787851315
65,Dalfsen,27675.5,27796.5,445000.0,90.0,0.004372098065075609
66,Dantumadiel,19044.5,19037.0,440000.0,100.0,-0.0003938144871222663
67,Delft,100538.0,101032.0,1160000.0,1220.0,0.00491356502019137
68,Delfzijl,25553.5,25238.5,415000.0,250.0,-0.01232707848239967
69,Deurne,31712.0,31821.5,685000.0,200.0,0.0034529515640766904
70,Deventer,98431.0,98704.5,1977000.0,900.0,0.0027785961739695826
71,Dinkelland,25937.5,26024.0,817000.0,100.0,0.0033349397590361446
72,Doesburg,11396.0,11345.5,291000.0,90.0,-0.004431379431379431
73,Doetinchem,56414.0,56655.5,705000.0,460.0,0.004280852270712943
74,Dongen,25376.5,25404.0,457000.0,150.0,0.0010836797824759128
75,Dongeradeel,24071.5,23957.5,412000.0,150.0,-0.004735890991421391
76,Dordrecht,118795.0,118850.0,4552000.0,1720.0,0.0004629824487562608
77,Drechterland,19272.0,19347.0,383000.0,100.0,0.003891656288916563
78,Drimmelen,26699.0,26759.0,804000.0,130.0,0.0022472751788456496
79,Dronten,40388.0,40477.5,978000.0,260.0,0.0022160047538872935
80,Druten,18252.0,18350.5,295000.0,100.0,0.00539666885820732
81,Duiven,25578.5,25490.5,425000.0,130.0,-0.00344038938952636
82,Echt-Susteren,31961.5,31945.0,808000.0,260.0,-0.0005162461085994087
83,Edam-Volendam,29003.5,29155.5,265000.0,120.0,0.0052407468064199145
84,Ede,111115.5,112001.0,4964000.0,890.0,0.007969185217183922
85,Eemnes,8793.0,8842.0,238000.0,50.0,0.00557261457977937
86,Eemsmond,15849.0,15792.5,160000.0,110.0,-0.0035648936841441103
87,Eersel,18265.0,18449.0,395000.0,110.0,0.010073911853271283
88,Eijsden-Margraten,24973.0,25045.0,325000.0,110.0,0.002883113762863893
89,Eindhoven,222064.5,223982.0,17306000.0,2410.0,0.008634878605089963
90,Elburg,22744.0,22886.0,349000.0,120.0,0.006243404854027436
91,Emmen,107913.5,107679.5,1367000.0,790.0,-0.002168403397165322
92,Enkhuizen,18360.5,18400.0,648000.0,130.0,0.0021513575338362244
93,Enschede,158569.5,158452.0,330000.0,1570.0,-0.0007410000031531915
94,Epe,32282.5,32248.0,1102000.0,230.0,-0.0010686904669712693
95,Ermelo,26117.5,26348.5,592000.0,250.0,0.008844644395520245
96,Etten-Leur,42430.0,42667.5,1135000.0,220.0,0.0055974546311572
97,Ferwerderadiel,8764.0,8719.5,85000.0,40.0,-0.0050775901414879055
98,Franekeradeel,20386.5,20296.5,403000.0,140.0,-0.004414686189390038
99,Geertruidenberg,21572.5,21602.0,513000.0,140.0,0.0013674817475953182
100,Geldermalsen,26311.5,26334.5,434000.0,160.0,0.0008741424852250917
101,Geldrop-Mierlo,38866.5,38886.0,1542000.0,280.0,0.0005017174173131102
102,Gemert-Bakel,29414.0,29580.0,279000.0,210.0,0.005643571088597267
103,Gennep,17283.0,17182.5,271000.0,130.0,-0.005814962680090262
104,Giessenlanden,14453.0,14504.0,153000.0,70.0,0.0035286791669549575
105,Gilze en Rijen,26067.0,26108.5,322000.0,180.0,0.0015920512525415275
106,Goeree-Overflakkee,48225.5,48263.5,1983000.0,310.0,0.0007879648733553825
107,Goes,37053.5,37180.0,919000.0,370.0,0.003413982484785513
108,Goirle,23056.0,23062.5,335000.0,110.0,0.0002819222761970854
109,Gorinchem,35290.0,35299.0,2330000.0,400.0,0.0002550297534712383
110,Gouda,71023.0,71147.0,3699000.0,900.0,0.0017459132956929445
111,Grave,12767.5,12741.5,904000.0,140.0,-0.002036420599177599
112,Groesbeek,18970.0,34416.0,355000.0,110.0,0.8142329994728519
113,Groningen (gemeente),199326.5,200644.0,149000.0,2150.0,0.006609758361281616
114,Grootegast,12144.0,12139.0,125000.0,70.0,-0.00041172595520421606
115,Gulpen-Wittem,14490.5,14502.5,253000.0,80.0,0.0008281287740243608
116,Haaksbergen,24325.5,24319.5,1321000.0,100.0,-0.0002466547450206573
117,Haaren,13555.0,13546.5,126000.0,60.0,-0.0006270748801180376
118,Haarlem,155896.0,157392.5,12612789.0,990.0,0.009599348283471032
119,Haarlemmerliede en Spaarnwoude,5554.5,5576.0,125000.0,20.0,0.003870735439733549
120,Haarlemmermeer,144106.5,144335.0,2656000.0,730.0,0.0015856328479284419
121,Halderberge,29412.0,29507.5,483000.0,180.0,0.0032469740242078065
122,Hardenberg,59577.0,59632.0,469000.0,220.0,0.0009231750507746278
123,Harderwijk,45754.0,45871.0,913000.0,360.0,0.0025571534729204003
124,Hardinxveld-Giessendam,17780.0,17788.0,618000.0,70.0,0.0004499437570303712
125,Haren,18853.0,19000.0,116000.0,70.0,0.007797167559539596
126,Harlingen,15800.0,15796.0,805000.0,120.0,-0.00025316455696202533
127,Hattem,11776.5,11855.5,185000.0,70.0,0.006708274954358256
128,Heemskerk,39113.0,39218.5,899000.0,200.0,0.0026973129138649554
129,Heemstede,26422.0,26623.0,393000.0,90.0,0.007607296949511771
130,Heerde,18501.0,18534.0,345000.0,120.0,0.0017836873682503648
131,Heerenveen,50020.0,50215.5,90000.0,300.0,0.00390843662534986
132,Heerhugowaard,53430.5,53740.5,772000.0,490.0,0.005801929609492705
133,Heerlen,87879.5,87453.0,9121000.0,1300.0,-0.004853236534117741
134,Heeze-Leende,15415.0,15563.5,237000.0,70.0,0.00963347388906909
135,Heiloo,22594.5,22621.0,374000.0,130.0,0.0011728518002168669
136,Den Helder,56540.0,56379.0,2044000.0,590.0,-0.002847541563494871
137,Hellendoorn,35666.5,35636.5,709000.0,120.0,-0.0008411254258197468
138,Hellevoetsluis,38917.5,38758.0,1369000.0,520.0,-0.00409841331020749
139,Helmond,89487.0,89922.5,3015000.0,850.0,0.004866628672321119
140,Hendrik-Ido-Ambacht,29033.5,29282.0,582000.0,150.0,0.008559078306094684
141,Heumen,16358.5,16371.5,209000.0,60.0,0.0007946938900265917
142,Heusden,43148.5,43203.0,1108406.0,360.0,0.001263079828962768
143,Hillegom,21022.5,21095.0,599000.0,130.0,0.0034486859317398024
144,Hilvarenbeek,15067.0,15103.0,327000.0,50.0,0.00238932766974182
145,Hof van Twente,34957.0,34899.0,424000.0,120.0,-0.0016591812798581113
146,Hollands Kroon,47524.0,47546.0,1022000.0,260.0,0.00046292399629660805
147,Hoogeveen,54762.0,55050.0,2204000.0,460.0,0.0052591212884847156
148,Hoogezand-Sappemeer,34319.0,34255.5,630000.0,320.0,-0.001850287013024855
149,Hoorn,71791.5,72026.0,2874000.0,700.0,0.0032664034043027377
150,Horst aan de Maas,41694.0,41668.0,178000.0,260.0,-0.0006235909243536241
151,Houten,48529.0,48701.0,895000.0,240.0,0.0035442724968575492
152,Huizen,41280.0,41344.0,935000.0,370.0,0.0015503875968992248
153,Hulst,27374.0,27366.0,930000.0,180.0,-0.0002922481186527362
154,IJsselstein,34168.0,34081.0,342000.0,260.0,-0.0025462420978693513
155,Kaag en Braassem,25794.5,25976.0,62000.0,120.0,0.007036383725212739
156,Kampen,51262.0,51691.0,1326000.0,270.0,0.00836877218992626
157,Kapelle,12522.5,12592.0,19000.0,60.0,0.005550009982032342
158,Kerkrade,46654.0,46273.5,2404000.0,560.0,-0.008155785141681313
159,Koggenland,22455.5,22448.5,509000.0,110.0,-0.00031172763910845895
160,Kollumerland en Nieuwkruisland,12856.5,12823.0,318000.0,80.0,-0.002605685839847548
161,Korendijk,10740.0,10801.5,47000.0,50.0,0.0057262569832402235
162,Krimpen aan den IJssel,28897.5,29012.0,672000.0,240.0,0.003962280474089454
163,Laarbeek,21857.5,21939.0,387000.0,120.0,0.003728697243509093
164,Landerd,15278.0,15296.5,187000.0,90.0,0.001210891477942139
165,Landgraaf,37514.5,37460.5,1358000.0,320.0,-0.0014394434152127844
166,Landsmeer,10633.5,10900.0,214000.0,70.0,0.025062303098697513
167,Langedijk,27111.0,27367.0,90000.0,140.0,0.009442661650252666
168,Lansingerland,57627.5,58584.0,1654000.0,460.0,0.016597978395731204
169,Leek,19537.5,19507.0,567000.0,120.0,-0.001561100447856686
170,Leerdam,20579.0,20639.5,595000.0,200.0,0.0029398901793090044
171,Leeuwarden,107516.5,107794.0,4462000.0,1330.0,0.002580999195472323
172,Leeuwarderadeel,10249.5,10198.0,113000.0,40.0,-0.005024635348065759
173,Leiden,121362.5,122061.5,2679000.0,1410.0,0.005759604490678752
174,Leiderdorp,26833.0,26910.5,362000.0,220.0,0.002888234636455111
175,Leidschendam-Voorburg,73667.5,74101.0,1993000.0,750.0,0.005884548817321071
176,Lelystad,76280.0,76605.0,1349000.0,1030.0,0.004260618772941794
177,Leudal,36231.5,36192.0,626000.0,290.0,-0.001090211556242496
178,Leusden,29029.5,29185.5,368000.0,160.0,0.005373843848498941
179,Lingewaal,11069.5,11095.5,125000.0,80.0,0.002348796241926013
180,Lingewaard,45782.0,45869.0,2148000.0,260.0,0.0019003101655672536
181,Lisse,22437.5,22572.5,408000.0,140.0,0.0060167130919220055
182,Littenseradiel,10902.5,10856.0,92000.0,50.0,-0.004265076817243751
183,Lochem,33246.0,33288.5,491000.0,170.0,0.001278349275100764
184,Loon op Zand,23020.0,22944.5,269000.0,180.0,-0.0032797567332754126
185,Lopik,14049.0,14127.5,219000.0,80.0,0.005587586305075094
186,Loppersum,10168.0,10091.0,260000.0,70.0,-0.007572777340676633
187,Losser,22539.5,22455.5,230000.0,100.0,-0.003726790745136316
188,Maasdriel,24170.5,24134.5,1787000.0,210.0,-0.0014894189197575557
189,Maasgouw,23836.5,23761.5,284000.0,160.0,-0.003146435089044113
190,Maassluis,32140.5,32246.5,1289000.0,390.0,0.0032980196325508317
191,Maastricht,122442.5,122465.0,6034000.0,1060.0,0.00018375972395205914
192,Marum,10344.5,10308.0,88000.0,70.0,-0.0035284450674271353
193,Medemblik,43462.0,43664.5,1282000.0,290.0,0.004659242556716212
194,Meerssen,19158.5,19051.5,294000.0,90.0,-0.0055849883863559255
195,Menameradiel,13642.5,13577.5,132000.0,70.0,-0.004764522631482499
196,Menterwolde,12227.5,12215.0,168000.0,90.0,-0.0010222858311183807
197,Meppel,32833.0,32796.5,867000.0,240.0,-0.001111686413060031
198,Midden-Delfland,18582.5,18791.0,499000.0,110.0,0.011220234091214852
199,Midden-Drenthe,33325.0,33367.0,310000.0,220.0,0.0012603150787696925
200,Mill en Sint Hubert,10840.5,10816.0,862000.0,50.0,-0.002260043355933767
201,Moerdijk,36772.5,36789.0,1242000.0,170.0,0.0004487048745665919
202,Molenwaard,29012.5,29030.0,241000.0,150.0,0.0006031882809133994
203,Montferland,35068.5,35161.5,440000.0,200.0,0.0026519526070405064
204,Montfoort,13655.5,13727.5,86000.0,60.0,0.005272600783567061
205,Mook en Middelaar,7779.0,7758.5,120000.0,30.0,-0.002635300167116596
206,Naarden,17207.0,17303.0,502000.0,130.0,0.005579124774800953
207,Neder-Betuwe,22641.5,22888.5,322000.0,150.0,0.010909171212154671
208,Nederweert,16763.5,16784.5,352000.0,110.0,0.0012527216869985384
209,Nieuwegein,61151.0,61506.5,3175000.0,650.0,0.005813478111559909
210,Nieuwkoop,27109.0,27273.5,1092000.0,160.0,0.006068095466450257
211,Nijkerk,40754.0,41034.5,340000.0,260.0,0.006882759974481033
212,Nijmegen,169486.5,171372.5,5225000.0,1780.0,0.011127729937192637
213,Noord-Beveland,7481.5,7427.0,73000.0,80.0,-0.007284635434070708
214,Noordenveld,31112.0,31088.0,426000.0,200.0,-0.0007714065312419646
215,Noordoostpolder,46417.5,46459.0,1136000.0,320.0,0.0008940593526148543
216,Noordwijk,25647.5,25682.0,1573000.0,260.0,0.0013451603470123793
217,Noordwijkerhout,16009.5,16101.5,539000.0,110.0,0.005746587963396733
218,"Nuenen, Gerwen en Nederwetten",22620.0,22691.5,337000.0,120.0,0.003160919540229885
219,Nunspeet,26712.0,26789.5,381000.0,150.0,0.0029013177598083257
220,Nuth,15539.0,15460.0,44000.0,100.0,-0.005083982238239269
221,Oegstgeest,22953.5,23103.0,385000.0,150.0,0.006513167926460017
222,Oirschot,18029.5,18139.0,261000.0,80.0,0.006073379738761474
223,Oisterwijk,25767.0,25783.5,1369000.0,120.0,0.0006403539410874374
224,Oldambt,38490.0,38324.0,535000.0,380.0,-0.004312808521693946
225,Oldebroek,22918.0,23052.5,334000.0,130.0,0.005868749454577188
226,Oldenzaal,32128.5,32115.0,700000.0,150.0,-0.0004201876838321117
227,Olst-Wijhe,17804.5,17862.5,232000.0,70.0,0.003257603414867028
228,Ommen,17351.0,17518.5,138000.0,60.0,0.009653622269609821
229,Onderbanken,7873.5,7867.5,215000.0,50.0,-0.0007620499142693847
230,Oost Gelre,29616.5,29535.0,940000.0,170.0,-0.0027518444110546485
231,Oosterhout,53755.0,53905.5,2202000.0,510.0,0.0027997395591107806
232,Ooststellingwerf,25644.5,25594.0,145000.0,180.0,-0.0019692331689056134
233,Oostzaan,9163.0,9345.5,254000.0,50.0,0.019917057732183784
234,Opmeer,11334.5,11318.5,225000.0,50.0,-0.0014116193921213992
235,Opsterland,29861.0,29844.5,332000.0,130.0,-0.0005525601955728208
236,Oss,85062.0,89901.0,2373000.0,910.0,0.05688791704874092
237,Oud-Beijerland,23708.5,23776.5,262000.0,130.0,0.0028681696437986375
238,Oude IJsselstreek,39576.5,39607.5,484000.0,180.0,0.0007832931158642123
239,Ouder-Amstel,13280.0,13350.0,316000.0,80.0,0.005271084337349397
240,Oudewater,9898.5,9986.5,240000.0,50.0,0.008890235894327423
241,Overbetuwe,46749.0,46917.5,616000.0,310.0,0.0036043551733726926
242,Papendrecht,32152.5,32218.0,447000.0,220.0,0.002037166627789441
243,Peel en Maas,43381.0,43382.0,290000.0,310.0,2.305156635393375e-05
244,Pekela,12692.0,12659.5,336000.0,170.0,-0.002560668137409392
245,Pijnacker-Nootdorp,51137.0,51548.5,541000.0,450.0,0.008047010970530144
246,Purmerend,79593.5,79750.0,2693000.0,850.0,0.0019662409618875915
247,Putten,24124.5,24446.5,488000.0,130.0,0.01334742688967647
248,Raalte,36561.0,36651.5,651000.0,130.0,0.0024753152266075874
249,Reimerswaal,21992.5,22161.5,116000.0,170.0,0.007684437876548824
250,Renkum,31494.0,31331.0,647000.0,260.0,-0.005175589001079571
251,Renswoude,4950.0,5013.5,19000.0,30.0,0.012828282828282828
252,Reusel-De Mierden,12743.5,12792.5,211000.0,80.0,0.0038450975006866246
253,Rheden,43632.5,43724.5,872000.0,330.0,0.0021085200252105654
254,Rhenen,19212.0,19354.0,502000.0,150.0,0.0073912138246929006
255,Ridderkerk,45201.0,45123.0,544000.0,340.0,-0.001725625539257981
256,Rijnwaarden,10914.5,10889.0,178000.0,50.0,-0.0023363415639745294
257,Rijssen-Holten,37745.5,37852.5,1066000.0,130.0,0.0028347750062921407
258,Roerdalen,20765.5,20692.5,1108000.0,130.0,-0.003515446293130433
259,Roermond,56967.0,57007.5,3738000.0,910.0,0.0007109379114224024
260,De Ronde Venen,42615.0,42582.0,660000.0,250.0,-0.0007743752199929603
261,Roosendaal,76950.5,76917.0,3413000.0,630.0,-0.0004353447995789501
262,Rotterdam,621004.5,626629.0,81464868.0,12710.0,0.009057100230352598
263,Rozendaal,1506.0,1503.5,42000.0,0.0,-0.0016600265604249668
264,Rucphen,22206.5,22254.5,439000.0,160.0,0.0021615292819669916
265,Schagen,46057.5,46148.0,806000.0,250.0,0.0019649351354285405
266,Scherpenzeel,9510.0,9525.5,122000.0,50.0,0.001629863301787592
267,Schiermonnikoog,934.0,922.5,100000.0,0.0,-0.012312633832976445
268,Schijndel,23451.5,23584.0,328000.0,190.0,0.005649958424834232
269,Schinnen,12946.5,12976.0,150000.0,80.0,0.0022786081180241765
270,Schouwen-Duiveland,33836.5,33778.0,2076000.0,280.0,-0.0017289022209743916
271,Simpelveld,10844.0,10792.5,322000.0,50.0,-0.004749170047952785
272,Sint Anthonis,11651.5,11603.0,284000.0,50.0,-0.004162554177573703
273,Sint-Michielsgestel,28258.0,28399.0,452000.0,190.0,0.004989737419491825
274,Sint-Oedenrode,17935.5,17916.5,278000.0,100.0,-0.001059351565331326
275,Sittard-Geleen,93707.5,93639.5,6725000.0,970.0,-0.0007256623002427767
276,Sliedrecht,24643.0,24863.0,705000.0,190.0,0.00892748447835085
277,Slochteren,15565.5,15640.5,214000.0,80.0,0.004818348270212971
278,Sluis,23783.5,23693.0,269000.0,190.0,-0.0038051590388294408
279,Smallingerland,55551.0,55537.0,1386000.0,420.0,-0.00025202066569458695
280,Soest,45473.5,45470.5,2434000.0,360.0,-6.597248947189022e-05
281,Someren,18692.5,18804.5,552000.0,90.0,0.005991707904239668
282,Son en Breugel,16289.5,16384.5,574000.0,80.0,0.005831977654317198
283,Stadskanaal,32706.5,32615.5,674000.0,300.0,-0.0027823215568770735
284,Staphorst,16394.0,16482.5,105000.0,70.0,0.005398316457240454
285,Stede Broec,21491.5,21495.5,82000.0,130.0,0.00018612009399064747
286,Steenbergen,23506.0,23557.5,761000.0,140.0,0.0021909299753254488
287,Steenwijkerland,43284.5,43276.0,941000.0,220.0,-0.00019637514583742448
288,Stichtse Vecht,63899.5,64002.0,1540000.0,470.0,0.001604081409087708
289,Strijen,8699.5,8741.0,248000.0,50.0,0.004770389102822002
290,Terneuzen,54643.0,54617.0,1766000.0,560.0,-0.0004758157495013085
291,Terschelling,4803.5,4848.5,420000.0,20.0,0.00936816904340585
292,Texel,13566.5,13577.5,427000.0,80.0,0.0008108207717539527
293,Teylingen,35690.5,35829.5,985000.0,260.0,0.0038945937994704473
294,Tholen,25424.0,25430.5,395000.0,140.0,0.0002556639395846444
295,Tiel,41682.5,41550.0,2031000.0,480.0,-0.003178792059017573
296,Tilburg,210959.0,212294.5,21521000.0,2390.0,0.006330614005565062
297,Tubbergen,21174.0,21131.0,508000.0,70.0,-0.002030792481345046
298,Tynaarlo,32531.5,32687.0,611000.0,200.0,0.004779982478520818
299,Tytsjerksteradiel,31965.0,32017.0,852000.0,140.0,0.0016267792898482715
300,Uden,41001.0,41168.0,2545000.0,370.0,0.00407307138850272
301,Uitgeest,13262.5,13325.5,46000.0,40.0,0.004750235626767201
302,Uithoorn,28574.5,28956.0,1212000.0,230.0,0.013351064760538243
303,Urk,19587.5,19846.0,167000.0,150.0,0.013197192086790044
304,Utrecht (gemeente),331170.0,336571.5,27815000.0,3810.0,0.016310354198749887
305,Utrechtse Heuvelrug,48067.0,48344.5,1194000.0,310.0,0.005773191586743504
306,Vaals,9689.5,9663.0,385000.0,50.0,-0.002734919242478972
307,Valkenburg aan de Geul,16646.5,16568.0,730000.0,110.0,-0.004715706004265161
308,Valkenswaard,30284.5,30248.0,1208000.0,270.0,-0.001205237002426984
309,Veendam,27743.5,27581.0,839000.0,260.0,-0.005857227819128805
310,Veenendaal,63346.0,63628.0,1499000.0,500.0,0.0044517412307012285
311,Veere,21897.0,21943.0,750000.0,100.0,0.0021007443942092524
312,Veghel,37609.0,37916.0,654000.0,290.0,0.008162939721875083
313,Veldhoven,44160.5,44241.5,1007000.0,320.0,0.0018342183625638297
314,Velsen,67193.0,67307.0,1944000.0,370.0,0.0016966053011474409
315,Venlo,100482.0,100453.5,5292000.0,1470.0,-0.00028363288947274136
316,Venray,43157.0,43246.5,1567000.0,440.0,0.002073823481706328
317,Vianen,19614.0,19572.5,588000.0,140.0,-0.0021158356276129294
318,Vlaardingen,71313.0,71726.5,3187000.0,990.0,0.005798381781722827
319,Vlagtwedde,16058.5,16317.0,213000.0,120.0,0.01609739390354018
320,Vlieland,1106.5,1093.0,66000.0,0.0,-0.012200632625395391
321,Vlissingen,44464.5,44468.0,1390855.0,570.0,7.8714480090859e-05
322,Voerendaal,12425.5,12439.5,118000.0,70.0,0.0011267152227274555
323,Voorschoten,25050.5,25180.5,408000.0,170.0,0.005189517175305882
324,Voorst,23840.0,23948.5,338000.0,120.0,0.004551174496644295
325,Vught,25745.5,25913.0,354000.0,270.0,0.006505991338292129
326,Waalre,16819.5,16948.5,176000.0,100.0,0.007669669134040846
327,Waalwijk,46605.5,46867.0,1739000.0,390.0,0.005610925749106865
328,Waddinxveen,25582.5,25864.5,366000.0,160.0,0.011023160363529757
329,Wageningen,37607.5,37811.5,450000.0,230.0,0.005424449910257262
330,Wassenaar,25703.0,25808.0,1296000.0,180.0,0.004085126249854102
331,Waterland,17138.5,17223.5,302000.0,100.0,0.004959593896782099
332,Weert,48817.5,49007.0,1702000.0,470.0,0.00388180468069852
333,Weesp,18260.0,18460.0,542401.0,160.0,0.01095290251916758
334,Werkendam,26419.5,26489.5,485000.0,150.0,0.0026495580915611573
335,West Maas en Waal,18494.5,18631.5,107000.0,110.0,0.007407607667144286
336,Westerveld,19009.0,19012.5,287000.0,110.0,0.0001841233100110474
337,Westervoort,15065.0,14996.5,334000.0,150.0,-0.004546963159641554
338,Westland,103771.5,104631.0,3793000.0,940.0,0.008282620950839103
339,Weststellingwerf,25489.5,25522.5,411000.0,140.0,0.0012946507385393985
340,Westvoorne,14023.5,14140.0,771000.0,140.0,0.00830748386636717
341,Wierden,23891.5,23913.0,362000.0,80.0,0.0008999016386581002
342,Wijchen,40964.5,40850.0,1339000.0,180.0,-0.0027951030770545227
343,Wijdemeren,23181.5,23225.5,462000.0,130.0,0.001898065267562496
344,Wijk bij Duurstede,23132.5,23303.0,359000.0,140.0,0.007370582513779315
345,Winsum,13812.0,13703.5,246000.0,60.0,-0.007855487981465393
346,Winterswijk,28929.0,28958.0,444000.0,210.0,0.001002454284627882
347,Woensdrecht,21632.5,21663.0,517000.0,130.0,0.001409915636195539
348,Woerden,50604.0,50896.0,587000.0,310.0,0.005770294838352699
349,De Wolden,23622.0,23691.5,112000.0,100.0,0.0029421725510117686
350,Wormerland,15758.5,15702.0,549000.0,110.0,-0.0035853666275343465
351,Woudenberg,12454.5,12518.5,212000.0,60.0,0.005138704885784255
352,Woudrichem,14406.5,14453.0,163000.0,70.0,0.0032277097143650437
353,Zaanstad,151008.0,151942.0,2575000.0,1440.0,0.006185102776011867
354,Zaltbommel,27270.0,27450.5,1184000.0,210.0,0.006618995232856619
355,Zederik,13686.5,13717.5,241000.0,60.0,0.0022650056625141564
356,Zeevang,6323.5,6273.5,180000.0,30.0,-0.007907013520993121
357,Zeewolde,21696.5,22003.5,438000.0,180.0,0.014149747655151753
358,Zeist,61445.5,61949.5,2170000.0,540.0,0.008202390736506335
359,Zevenaar,32274.0,32267.0,498000.0,200.0,-0.00021689285492966474
360,Zoetermeer,123793.0,124066.0,2788000.0,1560.0,0.002205294321972971
361,Zoeterwoude,8094.5,8116.5,100000.0,50.0,0.0027178948668849217
362,Zuidhorn,18754.0,18763.5,280000.0,60.0,0.0005065586008318225
363,Zuidplas,40831.5,40854.0,577000.0,370.0,0.000551045148965872
364,Zundert,21381.0,21425.5,66000.0,70.0,0.002081287124082129
365,Zutphen,47006.5,46923.0,2292000.0,440.0,-0.0017763500792443599
366,Zwartewaterland,22166.5,22222.0,32000.0,90.0,0.0025037782238964204
367,Zwijndrecht,44524.0,44477.5,144000.0,380.0,-0.0010443805587997484
368,Zwolle,123510.0,124378.5,3006000.0,980.0,0.007031819285887782
